{"mode": "morning_scan", "host": "CAT", "started": 1782264995.567195, "last_beat": 1782265138.4154303, "steps_done": 3, "total_steps": 4}