{"mode": "afternoon", "host": "CAT", "started": 1782289581.9736354, "last_beat": 1782289907.0893266, "steps_done": 9, "total_steps": 9}