{"mode": "morning_report", "host": "CAT", "started": 1782445239.3780332, "last_beat": 1782445528.2399616, "steps_done": 10, "total_steps": 11}