{"mode": "afternoon", "host": "CAT", "started": 1782894535.08491, "last_beat": 1782894722.3794072, "steps_done": 8, "total_steps": 9}