{"mode": "pre_market", "host": "CAT", "started": 1783041378.584285, "last_beat": 1783041496.590446, "steps_done": 7, "total_steps": 8}