{"mode": "morning_plus", "host": "CAT", "started": 1782440438.4206176, "last_beat": 1782440483.9315083, "steps_done": 10, "total_steps": 10}