{"mode": "afternoon", "host": "CAT", "started": 1783067146.225934, "last_beat": 1783067335.1591804, "steps_done": 8, "total_steps": 9}