{"mode": "afternoon", "host": "CAT", "started": 1782372325.6588554, "last_beat": 1782372353.3150506, "steps_done": 3, "total_steps": 8}