{"mode": "afternoon", "host": "CAT", "started": 1782545151.942257, "last_beat": 1782545400.2672014, "steps_done": 8, "total_steps": 9}