{"mode": "afternoon", "host": "CAT", "started": 1782375930.4611468, "last_beat": 1782376168.620996, "steps_done": 7, "total_steps": 8}