{"mode": "afternoon", "host": "CAT", "started": 1782635136.3900428, "last_beat": 1782635476.755453, "steps_done": 8, "total_steps": 9}