{"mode": "post_close", "host": "CAT", "started": 1782977687.0093563, "last_beat": 1782977982.9503288, "steps_done": 9, "total_steps": 10}