{"mode": "pre_market", "host": "CAT", "started": 1782956116.1448882, "last_beat": 1782956244.5999453, "steps_done": 7, "total_steps": 8}