{"mode": "morning_plus", "host": "CAT", "started": 1782267634.6972847, "last_beat": 1782267904.5804675, "steps_done": 7, "total_steps": 8}