{"mode": "afternoon", "host": "CAT", "started": 1782800914.8650177, "last_beat": 1782801113.559982, "steps_done": 8, "total_steps": 9}