{"mode": "afternoon", "host": "CAT", "started": 1782635136.3900428, "last_beat": 1782635140.8093767, "steps_done": 2, "total_steps": 9}