{"mode": "afternoon", "host": "CAT", "started": 1782282339.213127, "last_beat": 1782282582.1899667, "steps_done": 8, "total_steps": 9}