{"mode": "close", "host": "CAT", "started": 1782992594.5295439, "last_beat": 1782992999.0168977, "steps_done": 8, "total_steps": 10}