{"mode": "afternoon", "host": "CAT", "started": 1782807949.9894423, "last_beat": 1782808040.512633, "steps_done": 5, "total_steps": 9}