{"mode": "pre_market", "host": "CAT", "started": 1782955554.90992, "last_beat": 1782955696.6610537, "steps_done": 7, "total_steps": 8}