{"mode": "afternoon", "host": "CAT", "started": 1782983020.454131, "last_beat": 1782983213.1742666, "steps_done": 8, "total_steps": 9}