{"mode": "morning_scan", "host": "CAT", "started": 1782437763.2189274, "last_beat": 1782437767.2702916, "steps_done": 2, "total_steps": 6}