{"mode": "morning_report", "host": "CAT", "started": 1782531629.8375156, "last_beat": 1782531896.1386912, "steps_done": 11, "total_steps": 11}