{"mode": "afternoon", "host": "CAT", "started": 1783067452.864168, "last_beat": 1783067633.0174427, "steps_done": 8, "total_steps": 9}