{"mode": "afternoon", "host": "CAT", "started": 1782969934.9588268, "last_beat": 1782970128.844655, "steps_done": 8, "total_steps": 9}