{"mode": "backup", "host": "CAT", "started": 1782824129.9856315, "last_beat": 1782824129.9856336, "steps_done": 0, "total_steps": 1}