{"mode": "morning_plus", "host": "CAT", "started": 1782784229.864071, "last_beat": 1782784498.746056, "steps_done": 10, "total_steps": 11}