{"mode": "morning_plus", "host": "CAT", "started": 1782354054.230438, "last_beat": 1782354172.984943, "steps_done": 6, "total_steps": 9}