{"mode": "afternoon", "host": "CAT", "started": 1782981090.8622506, "last_beat": 1782981159.9714243, "steps_done": 5, "total_steps": 9}