{"mode": "morning_scan", "host": "CAT", "started": 1782956467.2889843, "last_beat": 1782956644.6248062, "steps_done": 5, "total_steps": 6}