{"mode": "afternoon", "host": "CAT", "started": 1782458739.2036405, "last_beat": 1782458836.2239163, "steps_done": 5, "total_steps": 9}