{"mode": "close", "host": "CAT", "started": 1782473152.632523, "last_beat": 1782473176.2915592, "steps_done": 4, "total_steps": 34}