{"mode": "post_close", "host": "CAT", "started": 1783063991.148115, "last_beat": 1783064258.948571, "steps_done": 8, "total_steps": 9}