{"mode": "afternoon", "host": "CAT", "started": 1782537950.2874775, "last_beat": 1782538202.700835, "steps_done": 8, "total_steps": 9}