{"mode": "post_close", "host": "CAT", "started": 1783157124.4523268, "last_beat": 1783157432.4538555, "steps_done": 9, "total_steps": 10}