{"mode": "morning_plus", "host": "CAT", "started": 1782959718.5691044, "last_beat": 1782959946.673894, "steps_done": 10, "total_steps": 11}