{"mode": "morning_scan", "host": "CAT", "started": 1782524128.450574, "last_beat": 1782524287.7164423, "steps_done": 5, "total_steps": 6}