{"mode": "afternoon", "host": "CAT", "started": 1782451550.2044926, "last_beat": 1782451786.1847034, "steps_done": 8, "total_steps": 9}