{"mode": "backup", "host": "CAT", "started": 1782996954.009094, "last_beat": 1782996954.0090952, "steps_done": 0, "total_steps": 1}