{"mode": "pre_market", "host": "CAT", "started": 1782954724.8808434, "last_beat": 1782954728.3684158, "steps_done": 2, "total_steps": 8}