{"mode": "close", "host": "CAT", "started": 1783003969.957115, "last_beat": 1783004257.6313574, "steps_done": 8, "total_steps": 10}