{"mode": "afternoon", "host": "CAT", "started": 1782368724.1533906, "last_beat": 1782368961.8429604, "steps_done": 7, "total_steps": 8}