{"mode": "morning_report", "host": "CAT", "started": 1782877240.6654463, "last_beat": 1782877430.2380028, "steps_done": 10, "total_steps": 11}