{"mode": "afternoon", "host": "CAT", "started": 1782545151.942257, "last_beat": 1782545246.6694958, "steps_done": 5, "total_steps": 9}