{"mode": "backup", "host": "CAT", "started": 1783169723.3177614, "last_beat": 1783169723.3177676, "steps_done": 0, "total_steps": 1}