{"mode": "pre_market", "host": "CAT", "started": 1783127580.4692805, "last_beat": 1783127616.48817, "steps_done": 4, "total_steps": 9}