{"mode": "afternoon", "host": "CAT", "started": 1782375930.4611468, "last_beat": 1782375934.4754214, "steps_done": 2, "total_steps": 8}