{"mode": "morning_scan", "host": "CAT", "started": 1782696932.0180614, "last_beat": 1782697056.2370253, "steps_done": 5, "total_steps": 6}