{"mode": "pre_market", "host": "CAT", "started": 1782955178.3348267, "last_beat": 1782955304.8442087, "steps_done": 7, "total_steps": 8}