{"mode": "morning_plus", "host": "CAT", "started": 1782959231.5078602, "last_beat": 1782959443.2191885, "steps_done": 10, "total_steps": 11}