{"mode": "morning_report", "host": "CAT", "started": 1782790833.0554695, "last_beat": 1782791044.5942442, "steps_done": 10, "total_steps": 11}