{"mode": "afternoon", "host": "CAT", "started": 1782980751.3611362, "last_beat": 1782980959.8676684, "steps_done": 8, "total_steps": 9}