{"mode": "morning_plus", "host": "CAT", "started": 1782438778.853259, "last_beat": 1782439059.5033617, "steps_done": 10, "total_steps": 10}