{"mode": "pre_market", "host": "CAT", "started": 1782868240.026196, "last_beat": 1782868476.4806623, "steps_done": 8, "total_steps": 8}