{"mode": "post_close", "host": "CAT", "started": 1782804342.7673783, "last_beat": 1782804634.387761, "steps_done": 10, "total_steps": 11}