{"mode": "post_close", "host": "CAT", "started": 1783063538.2914777, "last_beat": 1783063811.2521617, "steps_done": 9, "total_steps": 10}