{"mode": "morning_plus", "host": "CAT", "started": 1782265890.286736, "last_beat": 1782266177.7211683, "steps_done": 7, "total_steps": 8}