{"mode": "morning_scan", "host": "CAT", "started": 1782351359.3437874, "last_beat": 1782351512.1613066, "steps_done": 4, "total_steps": 5}