{"mode": "afternoon", "host": "CAT", "started": 1782887142.5119076, "last_beat": 1782887359.1805365, "steps_done": 9, "total_steps": 9}