{"mode": "pre_market", "host": "CAT", "started": 1782868240.026196, "last_beat": 1782868402.5195305, "steps_done": 7, "total_steps": 8}