{"mode": "afternoon", "host": "CAT", "started": 1782548741.851948, "last_beat": 1782548832.8615155, "steps_done": 5, "total_steps": 9}