{"mode": "morning_plus", "host": "CAT", "started": 1782786217.4436882, "last_beat": 1782786488.5789866, "steps_done": 9, "total_steps": 11}