{"mode": "post_close", "host": "CAT", "started": 1782977136.440133, "last_beat": 1782977532.2772996, "steps_done": 10, "total_steps": 10}