{"mode": "pre_market", "host": "CAT", "started": 1783127893.4117754, "last_beat": 1783128024.4743426, "steps_done": 8, "total_steps": 9}