{"mode": "afternoon", "host": "CAT", "started": 1782289581.9736354, "last_beat": 1782289820.6221864, "steps_done": 8, "total_steps": 9}