{"mode": "afternoon", "host": "CAT", "started": 1782627934.2594845, "last_beat": 1782628194.2449725, "steps_done": 9, "total_steps": 9}