{"mode": "pre_market", "host": "CAT", "started": 1782263200.030007, "last_beat": 1782263382.0550373, "steps_done": 6, "total_steps": 7}