{"mode": "morning_plus", "host": "CAT", "started": 1782958836.2921653, "last_beat": 1782959107.3429604, "steps_done": 10, "total_steps": 11}