{"mode": "morning_plus", "host": "CAT", "started": 1782352297.3434694, "last_beat": 1782352575.7256427, "steps_done": 8, "total_steps": 9}