{"mode": "morning_report", "host": "CAT", "started": 1782964273.530265, "last_beat": 1782964354.385801, "steps_done": 7, "total_steps": 11}